{
  "ui/vite.config.ts": 1777296475.5020213,
  "ui/src/App.tsx": 1777523763.976801,
  "ui/src/main.tsx": 1777484133.717351,
  "ui/src/styles/types.d.ts": 1777484106.3423703,
  "ui/src/components/InstanceActions.tsx": 1777479000.3578124,
  "ui/src/components/Layout.tsx": 1777867858.9491005,
  "ui/src/components/Sidebar/WorkspaceHeader.tsx": 1777864856.6517987,
  "ui/src/components/Sidebar/OrgRow.tsx": 1777904976.153066,
  "ui/src/components/Sidebar/GroupRow.tsx": 1777904965.684962,
  "ui/src/components/Sidebar/FooterNav.tsx": 1777523776.5440657,
  "ui/src/components/Sidebar/useExpansion.ts": 1777881917.571557,
  "ui/src/components/Sidebar/SidebarIcons.tsx": 1777905229.2359653,
  "ui/src/components/Sidebar/InlineNameInput.tsx": 1777484454.245401,
  "ui/src/components/Sidebar/Sidebar.tsx": 1777864888.394565,
  "ui/src/components/Sidebar/ProcessRow.tsx": 1777905157.210111,
  "ui/src/components/forms/schema.ts": 1777485236.6835775,
  "ui/src/components/forms/SidePanel.tsx": 1777485306.551323,
  "ui/src/components/forms/VariableForm.tsx": 1777485275.705146,
  "ui/src/components/bpmn/connectingContext.ts": 1777373979.4725902,
  "ui/src/components/bpmn/BpmnSchemaBuilder.tsx": 1777349219.3956323,
  "ui/src/components/bpmn/autoLayout.ts": 1777819425.2790804,
  "ui/src/components/bpmn/BpmnProperties.tsx": 1777855998.5354455,
  "ui/src/components/bpmn/bpmnXml.ts": 1777858172.006437,
  "ui/src/components/bpmn/BpmnPalette.tsx": 1777736772.8020246,
  "ui/src/components/bpmn/warningsContext.ts": 1777384890.0137806,
  "ui/src/components/bpmn/BpmnEditor.tsx": 1777894758.6330678,
  "ui/src/components/bpmn/defaultBpmn.ts": 1777427135.8843734,
  "ui/src/components/bpmn/BpmnViewer.tsx": 1777736787.2314508,
  "ui/src/components/bpmn/bpmnValidation.ts": 1777736950.938203,
  "ui/src/components/bpmn/bpmnTypes.ts": 1777822373.5266297,
  "ui/src/components/bpmn/nodes/EventNode.tsx": 1777625577.537566,
  "ui/src/components/bpmn/nodes/TaskNode.tsx": 1777737069.2339063,
  "ui/src/components/bpmn/nodes/GatewayNode.tsx": 1777625523.0752084,
  "ui/src/api/deployments.ts": 1777859071.4553044,
  "ui/src/api/client.ts": 1777906068.5562346,
  "ui/src/api/orgs.ts": 1777425421.1939616,
  "ui/src/api/instances.ts": 1777479658.6979024,
  "ui/src/api/events.ts": 1777484168.7172363,
  "ui/src/api/processGroups.ts": 1777465438.5339894,
  "ui/src/api/tasks.ts": 1777296787.887234,
  "ui/src/pages/TaskList.tsx": 1777485376.8648522,
  "ui/src/pages/Modeller.tsx": 1777905958.6903274,
  "ui/src/pages/DefinitionsList.tsx": 1777484932.7811291,
  "ui/src/pages/Welcome.tsx": 1777895348.0629106,
  "ui/src/pages/InstancesList.tsx": 1777477812.7000299,
  "ui/src/pages/Tasks/CompleteTaskPanel.tsx": 1777485337.518245,
  "ui/src/pages/Instance/InstanceTabs.tsx": 1777484285.5836813,
  "ui/src/pages/Instance/InstanceVariables.tsx": 1777484253.7261589,
  "ui/src/pages/Instance/EventRow.tsx": 1777484217.0215368,
  "ui/src/pages/Instance/InstanceTimeline.tsx": 1777484236.9445384,
  "ui/src/pages/Instance/InstanceDiagram.tsx": 1777485158.6474063,
  "ui/src/pages/Instance/InstanceDetail.tsx": 1777789398.7752414,
  "ui/src/pages/Instance/eventFormatters.ts": 1777484192.5449095,
  "ui/src/pages/Process/StartInstancePanel.tsx": 1777485320.5070007,
  "ui/src/pages/Process/ProcessDashboard.tsx": 1777485364.2960768,
  "ui/src/pages/Process/charts/ErrorRateChart.tsx": 1777484776.2431493,
  "ui/src/pages/Process/charts/ThroughputChart.tsx": 1777484732.76788,
  "ui/src/pages/Process/charts/ElapsedTimeChart.tsx": 1777484949.3846824,
  "ui/src/pages/Process/charts/chartUtils.ts": 1777484722.1410818,
  "tests/engine_test.rs": 1777819981.024217,
  "tests/external_task_test.rs": 1777465295.0920987,
  "tests/subprocess_test.rs": 1777536873.3370159,
  "tests/parser_test.rs": 1777820551.3290257,
  "tests/timer_test.rs": 1777519952.7792354,
  "tests/dmn_test.rs": 1777518599.6690683,
  "tests/schema_test.rs": 1777518599.6859236,
  "tests/http_task_test.rs": 1777821102.7872298,
  "tests/parallel_test.rs": 1777519952.7814138,
  "tests/events_test.rs": 1777518599.6733036,
  "tests/messages_test.rs": 1777519952.7835462,
  "tests/inclusive_gateway_test.rs": 1777537574.2765741,
  "tests/signals_test.rs": 1777519952.7882602,
  "tests/decision_test.rs": 1777518599.6658487,
  "tests/health_test.rs": 1777465295.0923688,
  "tests/api_test.rs": 1777954404.2111275,
  "tests/deployment_test.rs": 1777954400.577156,
  "tests/common/mod.rs": 1777821062.617072,
  "src/error.rs": 1777906029.576848,
  "src/config.rs": 1777518479.0345197,
  "src/lib.rs": 1777481870.636919,
  "src/state.rs": 1777519936.6162515,
  "src/main.rs": 1777906716.802507,
  "src/parser/types.rs": 1777820443.3520703,
  "src/parser/extract.rs": 1777820453.2727842,
  "src/parser/mod.rs": 1777819958.1075246,
  "src/parser/validate.rs": 1777536556.6689286,
  "src/db/event_subscriptions.rs": 1777181567.8642473,
  "src/db/variables.rs": 1777481707.7620423,
  "src/db/orgs.rs": 1777518599.6298351,
  "src/db/process_definitions.rs": 1777518599.6306126,
  "src/db/tasks.rs": 1777184014.1068552,
  "src/db/process_events.rs": 1777481623.971085,
  "src/db/users.rs": 1777188280.9768484,
  "src/db/models.rs": 1777859010.5670636,
  "src/db/executions.rs": 1777181567.8644445,
  "src/db/process_groups.rs": 1777518599.631372,
  "src/db/mod.rs": 1777859032.6744707,
  "src/db/decision_definitions.rs": 1777285297.7611268,
  "src/db/process_instances.rs": 1777518599.6320436,
  "src/db/execution_history.rs": 1777482455.8771803,
  "src/db/jobs.rs": 1777518599.6289468,
  "src/db/process_layouts.rs": 1777859019.5161526,
  "src/api/instances.rs": 1777906556.9576807,
  "src/api/health.rs": 1777906708.3499455,
  "src/api/orgs.rs": 1777906569.0535128,
  "src/api/decisions.rs": 1777906707.1752894,
  "src/api/tasks.rs": 1777954246.0762737,
  "src/api/users.rs": 1777906591.1521218,
  "src/api/extractors.rs": 1777954285.9423985,
  "src/api/external_tasks.rs": 1777906559.5812147,
  "src/api/process_groups.rs": 1777906570.1658514,
  "src/api/signals.rs": 1777906593.2500312,
  "src/api/mod.rs": 1777906501.9440033,
  "src/api/deployments.rs": 1777906558.3392076,
  "src/api/messages.rs": 1777906592.301964,
  "src/api/process_layouts.rs": 1777906574.8341475,
  "src/dmn/feel.rs": 1777518599.6346273,
  "src/dmn/mod.rs": 1777518599.636725,
  "src/engine/message.rs": 1777482856.939507,
  "src/engine/user_task.rs": 1777482576.185037,
  "src/engine/timer.rs": 1777518599.6470385,
  "src/engine/send_message.rs": 1777518599.6446593,
  "src/engine/signal.rs": 1777482895.3296459,
  "src/engine/instance.rs": 1777518599.6427217,
  "src/engine/evaluator.rs": 1777821634.8456242,
  "src/engine/external_task.rs": 1777518599.6391118,
  "src/engine/helpers.rs": 1777653073.310256,
  "src/engine/mod.rs": 1777648561.4101374,
  "src/engine/http.rs": 1777821188.529058,
  "src/engine/jq.rs": 1777537067.7989926,
  "README.md": 1777649002.1463501,
  "CLAUDE.md": 1777906081.6570818,
  "docs/BPMN_VALIDATION.md": 1777384169.5211952,
  "docs/BPM_CONCEPTS.md": 1777126842.0,
  "docs/ARCHITECTURE.md": 1777296113.0466108,
  "docs/PLAN.md": 1777648965.3979828,
  "docs/adr/ADR-005-expression-evaluator.md": 1777648934.3173213,
  "docs/adr/ADR-003-database-driver.md": 1777126923.0,
  "docs/adr/ADR-002-web-framework.md": 1777126912.0,
  "docs/adr/ADR-001-async-runtime.md": 1777126902.0,
  "docs/adr/ADR-006-migrations.md": 1777126966.0,
  "docs/adr/ADR-004-xml-parser.md": 1777535307.8645153,
  "docs/phases/PHASE-15-clustering.md": 1777127018.0,
  "docs/phases/PHASE-14-dmn.md": 1777535304.8436034,
  "docs/phases/PHASE-11-signals.md": 1777271084.7510648,
  "docs/phases/PHASE-1-foundation.md": 1777179572.6395674,
  "docs/phases/PHASE-10-messages.md": 1777127018.0,
  "docs/phases/PHASE-9-parallel-gateway.md": 1777127018.0,
  "docs/phases/PHASE-12-subprocess.md": 1777281864.1923056,
  "docs/phases/PHASE-17-external-task-long-polling.md": 1777534924.4655051,
  "docs/phases/PHASE-7-external-tasks.md": 1777127018.0,